{
  "proprio_mean": [
    -0.2303604632616043,
    1.0292115211486816,
    0.6384198665618896,
    -1.3071568012237549,
    -0.6469649076461792,
    2.1327202320098877,
    1.2895169258117676,
    0.02098589390516281,
    0.1460217535495758,
    0.8383611440658569,
    0.08702396601438522,
    -1.3430182933807373,
    -0.07865241914987564,
    2.177915096282959,
    1.0269054174423218,
    0.0
  ],
  "proprio_std": [
    0.06505534797906876,
    0.11780373752117157,
    0.025593087077140808,
    0.19932611286640167,
    0.04199480265378952,
    0.09187745302915573,
    0.27513906359672546,
    0.00015908094064798206,
    0.034288957715034485,
    0.13519780337810516,
    0.0264147762209177,
    0.22641730308532715,
    0.023045070469379425,
    0.1627398580312729,
    0.4634414315223694,
    9.999999974752427e-07
  ],
  "action_mean": [
    0.17611509561538696,
    -0.3678925335407257,
    -1.8187421560287476,
    -0.20806249976158142,
    -0.727566123008728,
    -0.009194446727633476
  ],
  "action_std": [
    0.5791026949882507,
    1.0426422357559204,
    0.4932185411453247,
    0.28475862741470337,
    0.44872647523880005,
    2.2768635749816895
  ]
}